Date,ALLSKY_KT,ALLSKY_SRF_ALB,ALLSKY_SFC_SW_DWN,CLRSKY_SFC_SW_DWN,month_sin,month_cos,time_idx,Seconds
1984-01-01,0.412729,0.253969,1.457835,2.355387,0.500000,0.866025,0,441763.000000
1984-02-01,0.446781,0.317760,2.415914,3.657745,0.866025,0.500000,1,444441.000000
1984-03-01,0.460247,0.214110,3.416190,5.238439,1.000000,0.000000,2,446947.000000
1984-04-01,0.414414,0.137741,3.859410,6.342333,0.866025,-0.500000,3,449625.000000
1984-05-01,0.513560,0.155781,5.453387,7.177468,0.500000,-0.866025,4,452217.000000
1984-06-01,0.520226,0.153922,5.789533,7.439940,0.000000,-1.000000,5,454896.000000
1984-07-01,0.550749,0.149344,5.855887,7.113626,-0.500000,-0.866025,6,457488.000000
1984-08-01,0.507968,0.143521,4.820361,6.203026,-0.866025,-0.500000,7,460166.000000
1984-09-01,0.504111,0.141786,4.123167,5.197603,-1.000000,-0.000000,8,462844.000000
1984-10-01,0.487075,0.161403,2.672577,3.733977,-0.866025,0.500000,9,465436.000000
1984-11-01,0.484360,0.160840,1.994997,2.562260,-0.500000,0.866025,10,468115.000000
1984-12-01,0.375642,0.269774,1.229145,1.911723,-0.000000,1.000000,11,470707.000000
1985-01-01,0.446770,0.298213,1.740477,2.493890,0.500000,0.866025,12,473385.000000
1985-02-01,0.458248,0.241145,2.433143,3.625075,0.866025,0.500000,13,476064.000000
1985-03-01,0.457193,0.169890,3.154297,5.002590,1.000000,0.000000,14,478483.000000
1985-04-01,0.438019,0.137580,4.149933,6.446510,0.866025,-0.500000,15,481161.000000
1985-05-01,0.491835,0.155959,5.236526,7.030139,0.500000,-0.866025,16,483753.000000
1985-06-01,0.485698,0.154095,5.364117,7.327293,0.000000,-1.000000,17,486432.000000
1985-07-01,0.556237,0.149009,6.113529,7.392513,-0.500000,-0.866025,18,489024.000000
1985-08-01,0.517166,0.141902,5.161294,6.389945,-0.866025,-0.500000,19,491702.000000
1985-09-01,0.522847,0.142578,4.503293,5.108370,-1.000000,-0.000000,20,494380.000000
1985-10-01,0.487248,0.161403,2.729248,3.680765,-0.866025,0.500000,21,496972.000000
1985-11-01,0.389050,0.139655,1.549707,2.600523,-0.500000,0.866025,22,499651.000000
1985-12-01,0.430508,0.253216,1.452274,2.058377,-0.000000,1.000000,23,502243.000000
1986-01-01,0.411679,0.271625,1.529090,2.494065,0.500000,0.866025,24,504921.000000
1986-02-01,0.444297,0.225011,2.279707,3.489536,0.866025,0.500000,25,507600.000000
1986-03-01,0.436083,0.191720,2.683894,4.636503,1.000000,0.000000,26,510019.000000
1986-04-01,0.476782,0.145602,4.517917,6.158070,0.866025,-0.500000,27,512697.000000
1986-05-01,0.485940,0.152687,5.158677,6.908503,0.500000,-0.866025,28,515289.000000
1986-06-01,0.474838,0.154480,4.957027,7.032223,0.000000,-1.000000,29,517968.000000
1986-07-01,0.485629,0.150554,5.031642,7.033235,-0.500000,-0.866025,30,520560.000000
1986-08-01,0.532035,0.141878,5.436452,6.157248,-0.866025,-0.500000,31,523238.000000
1986-09-01,0.522722,0.142425,4.418733,5.123160,-1.000000,-0.000000,32,525916.000000
1986-10-01,0.508595,0.157173,2.962116,3.761645,-0.866025,0.500000,33,528508.000000
1986-11-01,0.460243,0.161246,1.820607,2.562373,-0.500000,0.866025,34,531187.000000
1986-12-01,0.386826,0.269424,1.285468,1.953132,-0.000000,1.000000,35,533779.000000
1987-01-01,0.400970,0.265348,1.380413,2.416526,0.500000,0.866025,36,536457.000000
1987-02-01,0.470993,0.230540,2.459104,3.606818,0.866025,0.500000,37,539136.000000
1987-03-01,0.475635,0.217701,3.514074,5.299948,1.000000,0.000000,38,541555.000000
1987-04-01,0.453326,0.143071,4.314170,6.654450,0.866025,-0.500000,39,544233.000000
1987-05-01,0.453600,0.156876,4.551939,7.333310,0.500000,-0.866025,40,546825.000000
1987-06-01,0.504774,0.153602,5.694433,7.442670,0.000000,-1.000000,41,549504.000000
1987-07-01,0.591775,0.148449,6.231810,7.176948,-0.500000,-0.866025,42,552096.000000
1987-08-01,0.517848,0.141901,5.162161,6.077626,-0.866025,-0.500000,43,554774.000000
1987-09-01,0.523387,0.142498,4.467467,5.088957,-1.000000,-0.000000,44,557452.000000
1987-10-01,0.486810,0.161403,2.765077,3.686474,-0.866025,0.500000,45,560044.000000
1987-11-01,0.387133,0.165153,1.432473,2.590443,-0.500000,0.866025,46,562723.000000
1987-12-01,0.326810,0.237555,1.065542,1.962629,-0.000000,1.000000,47,565315.000000
1988-01-01,0.411611,0.253173,1.419929,2.271368,0.500000,0.866025,48,567993.000000
1988-02-01,0.427670,0.209720,2.215221,3.570879,0.866025,0.500000,49,570672.000000
1988-03-01,0.420344,0.192180,3.021419,5.046829,1.000000,0.000000,50,573177.000000
1988-04-01,0.438453,0.137370,4.114290,6.357993,0.866025,-0.500000,51,575856.000000
1988-05-01,0.473330,0.156722,5.033442,7.193845,0.500000,-0.866025,52,578448.000000
1988-06-01,0.532986,0.155428,5.928320,7.584657,0.000000,-1.000000,53,581126.000000
1988-07-01,0.607125,0.147783,6.765681,7.312352,-0.500000,-0.866025,54,583718.000000
1988-08-01,0.589349,0.142001,5.853939,6.530852,-0.866025,-0.500000,55,586396.000000
1988-09-01,0.480402,0.140524,3.650133,5.135897,-1.000000,-0.000000,56,589075.000000
1988-10-01,0.491515,0.130718,2.795342,3.810474,-0.866025,0.500000,57,591667.000000
1988-11-01,0.389507,0.139678,1.561160,2.642820,-0.500000,0.866025,58,594345.000000
1988-12-01,0.305429,0.235806,0.983742,1.916403,-0.000000,1.000000,59,596937.000000
1989-01-01,0.438614,0.268237,1.750781,2.452303,0.500000,0.866025,60,599616.000000
1989-02-01,0.427933,0.209880,2.147596,3.453036,0.866025,0.500000,61,602294.000000
1989-03-01,0.459182,0.140543,3.273658,5.017519,1.000000,0.000000,62,604713.000000
1989-04-01,0.420969,0.137437,3.899627,6.179323,0.866025,-0.500000,63,607392.000000
1989-05-01,0.461914,0.156996,4.714935,7.267048,0.500000,-0.866025,64,609984.000000
1989-06-01,0.462803,0.157220,4.927593,7.672937,0.000000,-1.000000,65,612662.000000
1989-07-01,0.532360,0.148616,5.849232,7.496461,-0.500000,-0.866025,66,615254.000000
1989-08-01,0.509826,0.142405,5.014419,6.258723,-0.866025,-0.500000,67,617932.000000
1989-09-01,0.479790,0.141084,3.717153,5.197073,-1.000000,-0.000000,68,620611.000000
1989-10-01,0.495178,0.130921,2.895465,3.870042,-0.866025,0.500000,69,623203.000000
1989-11-01,0.457483,0.139862,1.837287,2.641570,-0.500000,0.866025,70,625881.000000
1989-12-01,0.386826,0.269424,1.289613,1.938894,-0.000000,1.000000,71,628473.000000
1990-01-01,0.469859,0.261084,1.850532,2.420216,0.500000,0.866025,72,631152.000000
1990-02-01,0.488578,0.209898,2.510632,3.354957,0.866025,0.500000,73,633830.000000
1990-03-01,0.471446,0.147278,3.454419,4.786965,1.000000,0.000000,74,636249.000000
1990-04-01,0.409924,0.138281,3.600960,6.215323,0.866025,-0.500000,75,638928.000000
1990-05-01,0.470228,0.156488,5.022429,7.287671,0.500000,-0.866025,76,641520.000000
1990-06-01,0.533426,0.155141,5.945583,7.666957,0.000000,-1.000000,77,644198.000000
1990-07-01,0.584914,0.147903,6.503087,7.531803,-0.500000,-0.866025,78,646790.000000
1990-08-01,0.554179,0.141962,5.607868,6.650668,-0.866025,-0.500000,79,649468.000000
1990-09-01,0.479777,0.144762,3.699537,5.256867,-1.000000,-0.000000,80,652147.000000
1990-10-01,0.518208,0.157174,3.043177,3.762542,-0.866025,0.500000,81,654739.000000
1990-11-01,0.416238,0.224563,1.567593,2.523500,-0.500000,0.866025,82,657417.000000
1990-12-01,0.326810,0.237555,1.063335,1.927361,-0.000000,1.000000,83,660009.000000
1991-01-01,0.412358,0.254140,1.450503,2.306303,0.500000,0.866025,84,662688.000000
1991-02-01,0.442778,0.243101,2.339571,3.602111,0.866025,0.500000,85,665366.000000
1991-03-01,0.457561,0.169106,3.162448,4.989687,1.000000,0.000000,86,667785.000000
1991-04-01,0.409457,0.137794,3.712493,6.091270,0.866025,-0.500000,87,670464.000000
1991-05-01,0.417685,0.155781,3.771413,7.217116,0.500000,-0.866025,88,673056.000000
1991-06-01,0.542137,0.155372,6.079480,7.641060,0.000000,-1.000000,89,675734.000000
1991-07-01,0.487141,0.149232,5.268155,7.378145,-0.500000,-0.866025,90,678326.000000
1991-08-01,0.507865,0.143524,4.695871,6.251603,-0.866025,-0.500000,91,681004.000000
1991-09-01,0.521455,0.142624,4.402153,5.081290,-1.000000,-0.000000,92,683683.000000
1991-10-01,0.478014,0.138973,2.529361,3.771371,-0.866025,0.500000,93,686275.000000
1991-11-01,0.415842,0.139517,1.661653,2.630340,-0.500000,0.866025,94,688953.000000
1991-12-01,0.420540,0.260028,1.367471,1.979535,-0.000000,1.000000,95,691545.000000
1992-01-01,0.437710,0.269670,1.687384,2.410532,0.500000,0.866025,96,694224.000000
1992-02-01,0.470475,0.236009,2.466255,3.618562,0.866025,0.500000,97,696902.000000
1992-03-01,0.471266,0.147310,3.440706,5.002990,1.000000,0.000000,98,699408.000000
1992-04-01,0.411931,0.137831,3.770893,6.201560,0.866025,-0.500000,99,702086.000000
1992-05-01,0.507962,0.156277,5.520113,7.291058,0.500000,-0.866025,100,704678.000000
1992-06-01,0.468469,0.155300,4.980620,7.321317,0.000000,-1.000000,101,707356.000000
1992-07-01,0.595903,0.147818,6.349145,7.235845,-0.500000,-0.866025,102,709948.000000
1992-08-01,0.613304,0.142031,6.180645,6.528435,-0.866025,-0.500000,103,712627.000000
1992-09-01,0.525473,0.144324,4.956603,5.400803,-1.000000,-0.000000,104,715305.000000
1992-10-01,0.410406,0.155742,2.334787,3.765168,-0.866025,0.500000,105,717897.000000
1992-11-01,0.421204,0.144225,1.729730,2.670517,-0.500000,0.866025,106,720576.000000
1992-12-01,0.429811,0.261880,1.453606,2.101977,-0.000000,1.000000,107,723168.000000
1993-01-01,0.487901,0.289727,1.924161,2.465274,0.500000,0.866025,108,725846.000000
1993-02-01,0.437339,0.229802,2.250107,3.293814,0.866025,0.500000,109,728524.000000
1993-03-01,0.455334,0.162805,3.393903,5.199310,1.000000,0.000000,110,730944.000000
1993-04-01,0.480944,0.145362,4.544563,6.263697,0.866025,-0.500000,111,733622.000000
1993-05-01,0.490001,0.156523,5.431835,7.354658,0.500000,-0.866025,112,736214.000000
1993-06-01,0.583625,0.155814,6.679320,7.829230,0.000000,-1.000000,113,738892.000000
1993-07-01,0.582375,0.149983,6.451777,7.822216,-0.500000,-0.866025,114,741484.000000
1993-08-01,0.594595,0.143181,5.908881,6.848161,-0.866025,-0.500000,115,744163.000000
1993-09-01,0.507086,0.145663,4.187210,5.266550,-1.000000,-0.000000,116,746841.000000
1993-10-01,0.493549,0.130989,2.871842,3.809068,-0.866025,0.500000,117,749433.000000
1993-11-01,0.431762,0.144836,1.786213,2.696230,-0.500000,0.866025,118,752112.000000
1993-12-01,0.411685,0.258809,1.334881,2.012387,-0.000000,1.000000,119,754704.000000
1994-01-01,0.407651,0.254716,1.419723,2.366100,0.500000,0.866025,120,757382.000000
1994-02-01,0.457080,0.239773,2.424793,3.603025,0.866025,0.500000,121,760060.000000
1994-03-01,0.476907,0.149213,3.572177,4.935639,1.000000,0.000000,122,762480.000000
1994-04-01,0.420969,0.137437,3.927610,6.268173,0.866025,-0.500000,123,765158.000000
1994-05-01,0.537385,0.158845,5.920719,7.555255,0.500000,-0.866025,124,767750.000000
1994-06-01,0.561560,0.155129,6.336150,7.995133,0.000000,-1.000000,125,770428.000000
1994-07-01,0.579710,0.148794,6.256039,7.567294,-0.500000,-0.866025,126,773020.000000
1994-08-01,0.596856,0.141957,5.946455,6.654600,-0.866025,-0.500000,127,775699.000000
1994-09-01,0.524052,0.146780,4.506607,5.249727,-1.000000,-0.000000,128,778377.000000
1994-10-01,0.498336,0.131044,2.911577,3.883303,-0.866025,0.500000,129,780969.000000
1994-11-01,0.461846,0.162117,1.836783,2.549953,-0.500000,0.866025,130,783648.000000
1994-12-01,0.344555,0.274052,1.167677,1.911119,-0.000000,1.000000,131,786240.000000
1995-01-01,0.437568,0.268809,1.649306,2.450465,0.500000,0.866025,132,788918.000000
1995-02-01,0.448883,0.221878,2.409461,3.526604,0.866025,0.500000,133,791596.000000
1995-03-01,0.436083,0.191720,2.771229,4.963842,1.000000,0.000000,134,794016.000000
1995-04-01,0.456545,0.143348,4.383573,6.620963,0.866025,-0.500000,135,796694.000000
1995-05-01,0.456516,0.156473,4.590494,7.234694,0.500000,-0.866025,136,799286.000000
1995-06-01,0.502920,0.155240,5.641493,7.633027,0.000000,-1.000000,137,801964.000000
1995-07-01,0.577644,0.148813,6.218158,7.521268,-0.500000,-0.866025,138,804556.000000
1995-08-01,0.507968,0.143663,4.804894,6.482710,-0.866025,-0.500000,139,807235.000000
1995-09-01,0.476613,0.140529,3.775800,5.371623,-1.000000,-0.000000,140,809913.000000
1995-10-01,0.538601,0.137938,3.499671,3.927306,-0.866025,0.500000,141,812505.000000
1995-11-01,0.412763,0.142690,1.724323,2.784993,-0.500000,0.866025,142,815184.000000
1995-12-01,0.345845,0.271731,1.146197,2.088742,-0.000000,1.000000,143,817776.000000
1996-01-01,0.403248,0.264514,1.460168,2.441613,0.500000,0.866025,144,820454.000000
1996-02-01,0.458894,0.308686,2.459762,3.685497,0.866025,0.500000,145,823132.000000
1996-03-01,0.449868,0.169570,3.266600,5.217052,1.000000,0.000000,146,825638.000000
1996-04-01,0.463730,0.145424,4.491487,6.794117,0.866025,-0.500000,147,828316.000000
1996-05-01,0.461604,0.156962,4.779784,7.464181,0.500000,-0.866025,148,830908.000000
1996-06-01,0.568937,0.156183,6.491360,7.856703,0.000000,-1.000000,149,833587.000000
1996-07-01,0.584224,0.147943,6.478006,7.631913,-0.500000,-0.866025,150,836179.000000
1996-08-01,0.509974,0.142599,4.958239,6.447774,-0.866025,-0.500000,151,838857.000000
1996-09-01,0.444396,0.142058,3.103240,5.172540,-1.000000,-0.000000,152,841536.000000
1996-10-01,0.415694,0.130357,2.377142,3.878865,-0.866025,0.500000,153,844128.000000
1996-11-01,0.434764,0.232283,1.746153,2.525177,-0.500000,0.866025,154,846806.000000
1996-12-01,0.377642,0.259904,1.241558,2.044561,-0.000000,1.000000,155,849398.000000
1997-01-01,0.436194,0.265588,1.610668,2.431632,0.500000,0.866025,156,852076.000000
1997-02-01,0.490891,0.214804,2.534904,3.559818,0.866025,0.500000,157,854755.000000
1997-03-01,0.469477,0.140878,3.337368,4.985281,1.000000,0.000000,158,857174.000000
1997-04-01,0.436677,0.142120,4.091750,6.731147,0.866025,-0.500000,159,859852.000000
1997-05-01,0.527704,0.162094,5.844877,7.845519,0.500000,-0.866025,160,862444.000000
1997-06-01,0.566919,0.155189,6.314150,7.706040,0.000000,-1.000000,161,865123.000000
1997-07-01,0.491467,0.148755,5.382442,7.400652,-0.500000,-0.866025,162,867715.000000
1997-08-01,0.509435,0.142979,4.854635,6.394755,-0.866025,-0.500000,163,870393.000000
1997-09-01,0.512154,0.143877,4.236997,5.225493,-1.000000,-0.000000,164,873072.000000
1997-10-01,0.474132,0.136747,2.712968,4.021387,-0.866025,0.500000,165,875664.000000
1997-11-01,0.431762,0.145007,1.795900,2.704393,-0.500000,0.866025,166,878342.000000
1997-12-01,0.325122,0.226077,1.062742,2.035468,-0.000000,1.000000,167,880934.000000
1998-01-01,0.437872,0.265633,1.668713,2.389110,0.500000,0.866025,168,883612.000000
1998-02-01,0.498737,0.210470,2.798039,3.580425,0.866025,0.500000,169,886291.000000
1998-03-01,0.477219,0.172348,3.694710,5.160639,1.000000,0.000000,170,888710.000000
1998-04-01,0.478937,0.148089,4.491863,6.512513,0.866025,-0.500000,171,891388.000000
1998-05-01,0.521614,0.162904,5.776281,7.769294,0.500000,-0.866025,172,893980.000000
1998-06-01,0.564642,0.156936,6.314480,7.805333,0.000000,-1.000000,173,896659.000000
1998-07-01,0.582180,0.149951,6.510403,7.853477,-0.500000,-0.866025,174,899251.000000
1998-08-01,0.547444,0.141490,5.566755,6.693619,-0.866025,-0.500000,175,901929.000000
1998-09-01,0.478243,0.141592,3.628743,5.301403,-1.000000,-0.000000,176,904608.000000
1998-10-01,0.479931,0.130541,2.630313,3.844955,-0.866025,0.500000,177,907200.000000
1998-11-01,0.378860,0.148257,1.544807,2.724380,-0.500000,0.866025,178,909878.000000
1998-12-01,0.436214,0.262745,1.468600,2.148823,-0.000000,1.000000,179,912470.000000
1999-01-01,0.433510,0.262387,1.601423,2.449535,0.500000,0.866025,180,915148.000000
1999-02-01,0.483122,0.237942,2.481796,3.639611,0.866025,0.500000,181,917827.000000
1999-03-01,0.462107,0.161519,3.485539,5.169171,1.000000,0.000000,182,920246.000000
1999-04-01,0.440128,0.141515,4.137583,6.526173,0.866025,-0.500000,183,922924.000000
1999-05-01,0.488381,0.158720,5.390555,7.537903,0.500000,-0.866025,184,925516.000000
1999-06-01,0.480417,0.155931,5.392033,7.953010,0.000000,-1.000000,185,928195.000000
1999-07-01,0.522207,0.148791,5.769671,7.669794,-0.500000,-0.866025,186,930787.000000
1999-08-01,0.561678,0.141744,5.645403,6.547213,-0.866025,-0.500000,187,933465.000000
1999-09-01,0.503664,0.145435,4.086863,5.267160,-1.000000,-0.000000,188,936144.000000
1999-10-01,0.480811,0.130457,2.666184,3.863626,-0.866025,0.500000,189,938736.000000
1999-11-01,0.399849,0.141950,1.615703,2.676340,-0.500000,0.866025,190,941414.000000
1999-12-01,0.341603,0.259654,1.128155,2.086887,-0.000000,1.000000,191,944006.000000
2000-01-01,0.452658,0.265567,1.814994,2.436635,0.500000,0.866025,192,946684.000000
2000-02-01,0.449565,0.231642,2.419117,3.590921,0.866025,0.500000,193,949363.000000
2000-03-01,0.473084,0.170598,3.578642,5.184194,1.000000,0.000000,194,951868.000000
2000-04-01,0.500378,0.151493,4.810543,6.497687,0.866025,-0.500000,195,954547.000000
2000-05-01,0.569758,0.157613,6.484994,7.638790,0.500000,-0.866025,196,957139.000000
2000-06-01,0.565709,0.153788,6.561260,8.075363,0.000000,-1.000000,197,959817.000000
2000-07-01,0.581506,0.150697,6.429174,7.858042,-0.500000,-0.866025,198,962409.000000
2000-08-01,0.614378,0.141784,6.207003,6.757565,-0.866025,-0.500000,199,965088.000000
2000-09-01,0.470821,0.140203,3.608220,5.319963,-1.000000,-0.000000,200,967766.000000
2000-10-01,0.481152,0.131241,2.737242,3.904503,-0.866025,0.500000,201,970358.000000
2000-11-01,0.427820,0.163076,1.717747,2.560827,-0.500000,0.866025,202,973036.000000
2000-12-01,0.394380,0.267228,1.321406,1.997790,-0.000000,1.000000,203,975628.000000
2001-01-01,0.325161,0.170000,1.174523,2.356655,0.500000,0.866025,204,978307.000000
2001-02-01,0.426429,0.178571,2.179161,3.578836,0.866025,0.500000,205,980985.000000
2001-03-01,0.453871,0.130323,3.308045,5.111490,1.000000,0.000000,206,983404.000000
2001-04-01,0.415000,0.145333,3.872213,6.585957,0.866025,-0.500000,207,986083.000000
2001-05-01,0.485806,0.158387,5.306071,7.559694,0.500000,-0.866025,208,988675.000000
2001-06-01,0.501667,0.157667,5.794390,8.149147,0.000000,-1.000000,209,991353.000000
2001-07-01,0.533871,0.146452,5.975552,7.753777,-0.500000,-0.866025,210,993945.000000
2001-08-01,0.563871,0.140000,5.589206,6.589503,-0.866025,-0.500000,211,996624.000000
2001-09-01,0.470333,0.145667,3.737380,5.563753,-1.000000,-0.000000,212,999302.000000
2001-10-01,0.559677,0.142903,3.284032,3.937171,-0.866025,0.500000,213,1001894.000000
2001-11-01,0.375333,0.145333,1.549210,2.645097,-0.500000,0.866025,214,1004572.000000
2001-12-01,0.373226,0.370323,1.196855,2.139981,-0.000000,1.000000,215,1007164.000000
2002-01-01,0.440645,0.362258,1.638677,2.518029,0.500000,0.866025,216,1009843.000000
2002-02-01,0.508929,0.190000,2.617275,3.589664,0.866025,0.500000,217,1012521.000000
2002-03-01,0.461935,0.132581,3.364832,5.039532,1.000000,0.000000,218,1014940.000000
2002-04-01,0.436333,0.135667,4.110433,6.344387,0.866025,-0.500000,219,1017619.000000
2002-05-01,0.484516,0.163226,5.265519,7.528490,0.500000,-0.866025,220,1020211.000000
2002-06-01,0.525000,0.159667,6.077070,8.037457,0.000000,-1.000000,221,1022889.000000
2002-07-01,0.500323,0.148387,5.625387,7.627842,-0.500000,-0.866025,222,1025481.000000
2002-08-01,0.456129,0.154194,4.545187,6.715994,-0.866025,-0.500000,223,1028160.000000
2002-09-01,0.425667,0.144333,3.465403,5.390623,-1.000000,-0.000000,224,1030838.000000
2002-10-01,0.468065,0.127742,2.700161,3.975668,-0.866025,0.500000,225,1033430.000000
2002-11-01,0.411333,0.125000,1.653160,2.643370,-0.500000,0.866025,226,1036108.000000
2002-12-01,0.284839,0.221290,0.912858,2.030297,-0.000000,1.000000,227,1038700.000000
2003-01-01,0.331613,0.269355,1.211323,2.396135,0.500000,0.866025,228,1041379.000000
2003-02-01,0.456786,0.334643,2.422300,3.662639,0.866025,0.500000,229,1044057.000000
2003-03-01,0.495806,0.223548,3.620600,5.121142,1.000000,0.000000,230,1046476.000000
2003-04-01,0.436667,0.139667,4.080163,6.599223,0.866025,-0.500000,231,1049155.000000
2003-05-01,0.540000,0.162581,5.862900,7.641958,0.500000,-0.866025,232,1051747.000000
2003-06-01,0.583333,0.155667,6.730093,8.082690,0.000000,-1.000000,233,1054425.000000
2003-07-01,0.552903,0.158065,6.197968,7.896429,-0.500000,-0.866025,234,1057017.000000
2003-08-01,0.609677,0.139355,6.043577,6.811729,-0.866025,-0.500000,235,1059696.000000
2003-09-01,0.470333,0.142000,3.762570,5.593843,-1.000000,-0.000000,236,1062374.000000
2003-10-01,0.396129,0.129677,2.360700,4.001519,-0.866025,0.500000,237,1064966.000000
2003-11-01,0.437000,0.132333,1.759427,2.619170,-0.500000,0.866025,238,1067644.000000
2003-12-01,0.442581,0.272258,1.433458,2.088384,-0.000000,1.000000,239,1070236.000000
2004-01-01,0.359355,0.310323,1.323626,2.458871,0.500000,0.866025,240,1072915.000000
2004-02-01,0.492414,0.344138,2.534383,3.663166,0.866025,0.500000,241,1075593.000000
2004-03-01,0.482581,0.194839,3.567565,5.184197,1.000000,0.000000,242,1078099.000000
2004-04-01,0.430667,0.128667,4.042533,6.473967,0.866025,-0.500000,243,1080777.000000
2004-05-01,0.467419,0.164516,5.113403,7.815923,0.500000,-0.866025,244,1083369.000000
2004-06-01,0.498000,0.155667,5.754043,8.178253,0.000000,-1.000000,245,1086048.000000
2004-07-01,0.520323,0.150645,5.844100,7.781423,-0.500000,-0.866025,246,1088640.000000
2004-08-01,0.573226,0.146452,5.644352,6.967168,-0.866025,-0.500000,247,1091318.000000
2004-09-01,0.501000,0.144333,4.035983,5.514383,-1.000000,-0.000000,248,1093996.000000
2004-10-01,0.490000,0.130645,2.840932,3.932406,-0.866025,0.500000,249,1096588.000000
2004-11-01,0.421333,0.197333,1.698037,2.655120,-0.500000,0.866025,250,1099267.000000
2004-12-01,0.376452,0.195161,1.213642,2.065061,-0.000000,1.000000,251,1101859.000000
2005-01-01,0.415806,0.214839,1.500229,2.490687,0.500000,0.866025,252,1104537.000000
2005-02-01,0.409286,0.349643,2.129507,3.704486,0.866025,0.500000,253,1107216.000000
2005-03-01,0.501935,0.311613,3.656139,5.233216,1.000000,0.000000,254,1109635.000000
2005-04-01,0.449333,0.139667,4.211643,6.631967,0.866025,-0.500000,255,1112313.000000
2005-05-01,0.481613,0.152258,5.261052,7.730555,0.500000,-0.866025,256,1114905.000000
2005-06-01,0.514333,0.163000,5.944053,8.173190,0.000000,-1.000000,257,1117584.000000
2005-07-01,0.519677,0.153226,5.773287,7.894716,-0.500000,-0.866025,258,1120176.000000
2005-08-01,0.458065,0.151290,4.522813,6.811174,-0.866025,-0.500000,259,1122854.000000
2005-09-01,0.430667,0.141000,3.483157,5.376697,-1.000000,-0.000000,260,1125532.000000
2005-10-01,0.460968,0.123548,2.655826,3.900271,-0.866025,0.500000,261,1128124.000000
2005-11-01,0.410333,0.123333,1.687770,2.653873,-0.500000,0.866025,262,1130803.000000
2005-12-01,0.315806,0.181613,1.018455,2.058861,-0.000000,1.000000,263,1133395.000000
2006-01-01,0.448387,0.321935,1.684623,2.499435,0.500000,0.866025,264,1136073.000000
2006-02-01,0.446786,0.325714,2.273211,3.611579,0.866025,0.500000,265,1138752.000000
2006-03-01,0.420645,0.245484,3.106855,5.157906,1.000000,0.000000,266,1141171.000000
2006-04-01,0.392333,0.137000,3.683503,6.419813,0.866025,-0.500000,267,1143849.000000
2006-05-01,0.524194,0.164516,5.739755,7.791842,0.500000,-0.866025,268,1146441.000000
2006-06-01,0.499333,0.147667,5.774140,8.090677,0.000000,-1.000000,269,1149120.000000
2006-07-01,0.545484,0.155484,6.093229,7.776803,-0.500000,-0.866025,270,1151712.000000
2006-08-01,0.511935,0.150968,5.080171,6.997455,-0.866025,-0.500000,271,1154390.000000
2006-09-01,0.526667,0.151667,4.281003,5.533460,-1.000000,-0.000000,272,1157068.000000
2006-10-01,0.546774,0.135806,3.171926,4.022923,-0.866025,0.500000,273,1159660.000000
2006-11-01,0.507667,0.123000,2.034457,2.736707,-0.500000,0.866025,274,1162339.000000
2006-12-01,0.405806,0.185806,1.312894,2.082397,-0.000000,1.000000,275,1164931.000000
2007-01-01,0.444839,0.179677,1.630113,2.452935,0.500000,0.866025,276,1167609.000000
2007-02-01,0.409643,0.188929,2.122371,3.560332,0.866025,0.500000,277,1170288.000000
2007-03-01,0.461935,0.142581,3.332345,5.065639,1.000000,0.000000,278,1172707.000000
2007-04-01,0.611667,0.145667,5.739090,6.752693,0.866025,-0.500000,279,1175385.000000
2007-05-01,0.480645,0.155161,5.247671,7.564248,0.500000,-0.866025,280,1177977.000000
2007-06-01,0.561667,0.147333,6.489327,8.107163,0.000000,-1.000000,281,1180656.000000
2007-07-01,0.630968,0.147742,7.074726,7.888513,-0.500000,-0.866025,282,1183248.000000
2007-08-01,0.541935,0.134839,5.336442,6.717958,-0.866025,-0.500000,283,1185926.000000
2007-09-01,0.478000,0.136333,3.782860,5.590097,-1.000000,-0.000000,284,1188604.000000
2007-10-01,0.368710,0.127742,2.203787,3.831265,-0.866025,0.500000,285,1191196.000000
2007-11-01,0.363667,0.217667,1.464353,2.686463,-0.500000,0.866025,286,1193875.000000
2007-12-01,0.385161,0.291613,1.242206,2.133281,-0.000000,1.000000,287,1196467.000000
2008-01-01,0.499032,0.303871,1.834994,2.482523,0.500000,0.866025,288,1199145.000000
2008-02-01,0.507586,0.180000,2.674683,3.612614,0.866025,0.500000,289,1201824.000000
2008-03-01,0.470645,0.158065,3.464439,5.215974,1.000000,0.000000,290,1204329.000000
2008-04-01,0.407667,0.142333,3.846367,6.486810,0.866025,-0.500000,291,1207008.000000
2008-05-01,0.532258,0.162903,5.838735,7.775029,0.500000,-0.866025,292,1209600.000000
2008-06-01,0.532667,0.152667,6.154487,8.146023,0.000000,-1.000000,293,1212278.000000
2008-07-01,0.540645,0.158387,6.059490,7.899548,-0.500000,-0.866025,294,1214870.000000
2008-08-01,0.624516,0.145484,6.192042,6.937700,-0.866025,-0.500000,295,1217548.000000
2008-09-01,0.424333,0.132000,3.452437,5.361367,-1.000000,-0.000000,296,1220227.000000
2008-10-01,0.521613,0.122903,3.042584,3.838845,-0.866025,0.500000,297,1222819.000000
2008-11-01,0.431333,0.175333,1.747047,2.576020,-0.500000,0.866025,298,1225497.000000
2008-12-01,0.324516,0.190000,1.048929,2.041845,-0.000000,1.000000,299,1228089.000000
2009-01-01,0.394516,0.253548,1.426735,2.378665,0.500000,0.866025,300,1230768.000000
2009-02-01,0.377143,0.230714,1.954757,3.573429,0.866025,0.500000,301,1233446.000000
2009-03-01,0.366129,0.205806,2.684181,5.050952,1.000000,0.000000,302,1235865.000000
2009-04-01,0.518667,0.136333,4.855220,6.551480,0.866025,-0.500000,303,1238544.000000
2009-05-01,0.550323,0.156452,6.013387,7.686681,0.500000,-0.866025,304,1241136.000000
2009-06-01,0.493000,0.157000,5.694520,8.133713,0.000000,-1.000000,305,1243814.000000
2009-07-01,0.602258,0.151290,6.723500,7.921055,-0.500000,-0.866025,306,1246406.000000
2009-08-01,0.540968,0.144516,5.343261,6.675355,-0.866025,-0.500000,307,1249084.000000
2009-09-01,0.516667,0.136000,4.082130,5.383303,-1.000000,-0.000000,308,1251763.000000
2009-10-01,0.407097,0.125484,2.420013,3.864516,-0.866025,0.500000,309,1254355.000000
2009-11-01,0.455667,0.108000,1.802797,2.664850,-0.500000,0.866025,310,1257033.000000
2009-12-01,0.343548,0.295806,1.102800,2.025471,-0.000000,1.000000,311,1259625.000000
2010-01-01,0.339677,0.192903,1.238868,2.391365,0.500000,0.866025,312,1262304.000000
2010-02-01,0.371429,0.292500,1.911950,3.586854,0.866025,0.500000,313,1264982.000000
2010-03-01,0.435161,0.167097,3.212097,5.101829,1.000000,0.000000,314,1267401.000000
2010-04-01,0.441333,0.142333,4.146327,6.560960,0.866025,-0.500000,315,1270080.000000
2010-05-01,0.441613,0.170645,4.815326,7.758416,0.500000,-0.866025,316,1272672.000000
2010-06-01,0.470333,0.156000,5.433877,8.153260,0.000000,-1.000000,317,1275350.000000
2010-07-01,0.532581,0.152903,5.961484,7.840542,-0.500000,-0.866025,318,1277942.000000
2010-08-01,0.590000,0.150323,5.832203,6.982465,-0.866025,-0.500000,319,1280620.000000
2010-09-01,0.503000,0.141667,4.015540,5.565143,-1.000000,-0.000000,320,1283299.000000
2010-10-01,0.393871,0.136774,2.292458,3.940474,-0.866025,0.500000,321,1285891.000000
2010-11-01,0.470333,0.111000,1.939267,2.681423,-0.500000,0.866025,322,1288569.000000
2010-12-01,0.427097,0.223226,1.374210,2.090213,-0.000000,1.000000,323,1291161.000000
2011-01-01,0.432581,0.230323,1.572516,2.376652,0.500000,0.866025,324,1293840.000000
2011-02-01,0.454286,0.232143,2.278964,3.603943,0.866025,0.500000,325,1296518.000000
2011-03-01,0.432581,0.176129,3.164568,5.096284,1.000000,0.000000,326,1298937.000000
2011-04-01,0.469000,0.144333,4.393100,6.542817,0.866025,-0.500000,327,1301616.000000
2011-05-01,0.471290,0.158387,5.156694,7.645242,0.500000,-0.866025,328,1304208.000000
2011-06-01,0.528333,0.165000,6.105933,8.170677,0.000000,-1.000000,329,1306886.000000
2011-07-01,0.550000,0.160323,6.168548,7.930506,-0.500000,-0.866025,330,1309478.000000
2011-08-01,0.623548,0.150968,6.157232,7.033071,-0.866025,-0.500000,331,1312156.000000
2011-09-01,0.553333,0.143000,4.440920,5.326680,-1.000000,-0.000000,332,1314835.000000
2011-10-01,0.504839,0.140323,2.961800,4.019223,-0.866025,0.500000,333,1317427.000000
2011-11-01,0.541333,0.118000,2.210360,2.671117,-0.500000,0.866025,334,1320105.000000
2011-12-01,0.413226,0.200645,1.336045,2.100142,-0.000000,1.000000,335,1322697.000000
2012-01-01,0.352258,0.270968,1.287158,2.469100,0.500000,0.866025,336,1325376.000000
2012-02-01,0.417586,0.407241,2.184079,3.665945,0.866025,0.500000,337,1328054.000000
2012-03-01,0.584194,0.271935,4.258313,5.231987,1.000000,0.000000,338,1330560.000000
2012-04-01,0.474333,0.146000,4.515140,6.781067,0.866025,-0.500000,339,1333238.000000
2012-05-01,0.446452,0.160968,4.855823,7.782413,0.500000,-0.866025,340,1335830.000000
2012-06-01,0.652000,0.162000,7.550533,8.417713,0.000000,-1.000000,341,1338508.000000
2012-07-01,0.614194,0.155806,6.875274,7.907881,-0.500000,-0.866025,342,1341100.000000
2012-08-01,0.638710,0.147742,6.305232,6.821110,-0.866025,-0.500000,343,1343779.000000
2012-09-01,0.572333,0.150667,4.543640,5.442940,-1.000000,-0.000000,344,1346457.000000
2012-10-01,0.537419,0.136452,3.135300,4.000790,-0.866025,0.500000,345,1349049.000000
2012-11-01,0.420333,0.130333,1.709540,2.620213,-0.500000,0.866025,346,1351728.000000
2012-12-01,0.343871,0.286452,1.102732,2.101290,-0.000000,1.000000,347,1354320.000000
2013-01-01,0.358065,0.234516,1.316377,2.435194,0.500000,0.866025,348,1356998.000000
2013-02-01,0.340714,0.257500,1.754164,3.557046,0.866025,0.500000,349,1359676.000000
2013-03-01,0.441613,0.181935,3.198635,5.140697,1.000000,0.000000,350,1362096.000000
2013-04-01,0.517000,0.140000,4.947310,6.750700,0.866025,-0.500000,351,1364774.000000
2013-05-01,0.507419,0.161613,5.543397,7.721806,0.500000,-0.866025,352,1367366.000000
2013-06-01,0.489000,0.154667,5.658277,8.155103,0.000000,-1.000000,353,1370044.000000
2013-07-01,0.598065,0.150645,6.690158,7.889852,-0.500000,-0.866025,354,1372636.000000
2013-08-01,0.581935,0.150000,5.800684,6.796958,-0.866025,-0.500000,355,1375315.000000
2013-09-01,0.525000,0.140333,4.215307,5.667610,-1.000000,-0.000000,356,1377993.000000
2013-10-01,0.542581,0.122581,3.115610,4.003900,-0.866025,0.500000,357,1380585.000000
2013-11-01,0.373667,0.129000,1.528687,2.620267,-0.500000,0.866025,358,1383264.000000
2013-12-01,0.485161,0.196129,1.556474,2.148281,-0.000000,1.000000,359,1385856.000000
2014-01-01,0.421935,0.183548,1.534461,2.371284,0.500000,0.866025,360,1388534.000000
2014-02-01,0.486786,0.164286,2.531907,3.560582,0.866025,0.500000,361,1391212.000000
2014-03-01,0.501935,0.128065,3.697626,5.173429,1.000000,0.000000,362,1393632.000000
2014-04-01,0.364667,0.137333,3.373947,6.451553,0.866025,-0.500000,363,1396310.000000
2014-05-01,0.463548,0.160323,5.069587,7.827719,0.500000,-0.866025,364,1398902.000000
2014-06-01,0.514000,0.159667,5.943250,8.234507,0.000000,-1.000000,365,1401580.000000
2014-07-01,0.522903,0.159677,5.868658,7.927806,-0.500000,-0.866025,366,1404172.000000
2014-08-01,0.582258,0.148065,5.743781,6.959458,-0.866025,-0.500000,367,1406851.000000
2014-09-01,0.402667,0.143000,3.167343,5.455453,-1.000000,-0.000000,368,1409529.000000
2014-10-01,0.459355,0.124516,2.721313,3.933423,-0.866025,0.500000,369,1412121.000000
2014-11-01,0.400000,0.123000,1.652283,2.549897,-0.500000,0.866025,370,1414800.000000
2014-12-01,0.384516,0.209355,1.232168,2.060819,-0.000000,1.000000,371,1417392.000000
2015-01-01,0.392903,0.256129,1.424410,2.430923,0.500000,0.866025,372,1420070.000000
2015-02-01,0.446071,0.217500,2.321018,3.576571,0.866025,0.500000,373,1422748.000000
2015-03-01,0.400968,0.177419,2.947442,5.068752,1.000000,0.000000,374,1425168.000000
2015-04-01,0.508333,0.148000,4.796827,6.834220,0.866025,-0.500000,375,1427846.000000
2015-05-01,0.497097,0.166129,5.415497,7.737377,0.500000,-0.866025,376,1430438.000000
2015-06-01,0.519667,0.157000,5.997763,8.187163,0.000000,-1.000000,377,1433116.000000
2015-07-01,0.631613,0.151613,7.070484,7.884735,-0.500000,-0.866025,378,1435708.000000
2015-08-01,0.576129,0.147742,5.709416,6.873723,-0.866025,-0.500000,379,1438387.000000
2015-09-01,0.472667,0.145000,3.844470,5.475213,-1.000000,-0.000000,380,1441065.000000
2015-10-01,0.447419,0.127742,2.605848,3.969797,-0.866025,0.500000,381,1443657.000000
2015-11-01,0.519333,0.137000,2.170533,2.769203,-0.500000,0.866025,382,1446336.000000
2015-12-01,0.498710,0.154839,1.608845,2.138655,-0.000000,1.000000,383,1448928.000000
2016-01-01,0.401613,0.267097,1.474316,2.454923,0.500000,0.866025,384,1451606.000000
2016-02-01,0.440690,0.194483,2.271800,3.496514,0.866025,0.500000,385,1454284.000000
2016-03-01,0.397419,0.154516,2.927374,5.030274,1.000000,0.000000,386,1456790.000000
2016-04-01,0.501667,0.150667,4.702793,6.709273,0.866025,-0.500000,387,1459468.000000
2016-05-01,0.462581,0.163548,5.092742,7.807194,0.500000,-0.866025,388,1462060.000000
2016-06-01,0.534333,0.154000,6.170413,8.129833,0.000000,-1.000000,389,1464739.000000
2016-07-01,0.573226,0.155161,6.409906,7.893623,-0.500000,-0.866025,390,1467331.000000
2016-08-01,0.534194,0.145484,5.259548,6.912016,-0.866025,-0.500000,391,1470009.000000
2016-09-01,0.534333,0.143667,4.217643,5.438343,-1.000000,-0.000000,392,1472688.000000
2016-10-01,0.390968,0.132903,2.260539,3.940152,-0.866025,0.500000,393,1475280.000000
2016-11-01,0.448667,0.118000,1.793430,2.672437,-0.500000,0.866025,394,1477958.000000
2016-12-01,0.490323,0.152903,1.579335,2.189787,-0.000000,1.000000,395,1480550.000000
2017-01-01,0.435484,0.301613,1.624432,2.504865,0.500000,0.866025,396,1483228.000000
2017-02-01,0.474286,0.189643,2.493446,3.535271,0.866025,0.500000,397,1485907.000000
2017-03-01,0.488065,0.131935,3.619916,5.152219,1.000000,0.000000,398,1488326.000000
2017-04-01,0.470000,0.135667,4.415553,6.696743,0.866025,-0.500000,399,1491004.000000
2017-05-01,0.482903,0.166129,5.277942,7.751016,0.500000,-0.866025,400,1493596.000000
2017-06-01,0.597667,0.157000,6.903650,8.217220,0.000000,-1.000000,401,1496275.000000
2017-07-01,0.599677,0.155161,6.710187,7.961394,-0.500000,-0.866025,402,1498867.000000
2017-08-01,0.607097,0.145161,6.010594,6.867565,-0.866025,-0.500000,403,1501545.000000
2017-09-01,0.495667,0.140667,4.007043,5.523057,-1.000000,-0.000000,404,1504224.000000
2017-10-01,0.530968,0.130323,3.110306,4.018132,-0.866025,0.500000,405,1506816.000000
2017-11-01,0.388333,0.132667,1.582563,2.611040,-0.500000,0.866025,406,1509494.000000
2017-12-01,0.366452,0.203548,1.180677,2.126010,-0.000000,1.000000,407,1512086.000000
2018-01-01,0.424516,0.211935,1.579542,2.439174,0.500000,0.866025,408,1514764.000000
2018-02-01,0.381786,0.245000,1.956314,3.570196,0.866025,0.500000,409,1517443.000000
2018-03-01,0.399355,0.170323,2.919974,5.121277,1.000000,0.000000,410,1519862.000000
2018-04-01,0.550000,0.141000,5.191883,6.539907,0.866025,-0.500000,411,1522540.000000
2018-05-01,0.567097,0.160323,6.207355,7.717374,0.500000,-0.866025,412,1525132.000000
2018-06-01,0.454000,0.159000,5.243203,8.054677,0.000000,-1.000000,413,1527811.000000
2018-07-01,0.482903,0.154194,5.398800,7.850010,-0.500000,-0.866025,414,1530403.000000
2018-08-01,0.580323,0.140968,5.757771,6.778352,-0.866025,-0.500000,415,1533081.000000
2018-09-01,0.580333,0.142000,4.627340,5.591360,-1.000000,-0.000000,416,1535760.000000
2018-10-01,0.521290,0.130645,3.074923,3.901126,-0.866025,0.500000,417,1538352.000000
2018-11-01,0.437667,0.132333,1.802990,2.630433,-0.500000,0.866025,418,1541030.000000
2018-12-01,0.362903,0.207097,1.174829,2.106345,-0.000000,1.000000,419,1543622.000000
2019-01-01,0.339677,0.309355,1.254755,2.462087,0.500000,0.866025,420,1546300.000000
2019-02-01,0.440000,0.246786,2.332043,3.623582,0.866025,0.500000,421,1548979.000000
2019-03-01,0.544194,0.155484,4.001590,5.217568,1.000000,0.000000,422,1551398.000000
2019-04-01,0.465333,0.139333,4.363873,6.570960,0.866025,-0.500000,423,1554076.000000
2019-05-01,0.408065,0.166452,4.450561,7.773900,0.500000,-0.866025,424,1556668.000000
2019-06-01,0.580000,0.158000,6.705957,8.174407,0.000000,-1.000000,425,1559347.000000
2019-07-01,0.552581,0.160323,6.192474,7.887671,-0.500000,-0.866025,426,1561939.000000
2019-08-01,0.619032,0.149355,6.134890,6.973390,-0.866025,-0.500000,427,1564617.000000
2019-09-01,0.548333,0.148333,4.383750,5.543533,-1.000000,-0.000000,428,1567296.000000
2019-10-01,0.605806,0.134516,3.523700,4.075400,-0.866025,0.500000,429,1569888.000000
2019-11-01,0.402333,0.129333,1.613613,2.622180,-0.500000,0.866025,430,1572566.000000
2019-12-01,0.393871,0.200000,1.270645,2.092981,-0.000000,1.000000,431,1575158.000000
2020-01-01,0.526129,0.275484,1.921465,2.500477,0.500000,0.866025,432,1577836.000000
2020-02-01,0.456207,0.183448,2.375552,3.634710,0.866025,0.500000,433,1580515.000000
2020-03-01,0.464516,0.124839,3.414174,5.118468,1.000000,0.000000,434,1583020.000000
2020-04-01,0.580000,0.139333,5.469230,6.857180,0.866025,-0.500000,435,1585699.000000
2020-05-01,0.440968,0.160000,4.812858,7.691406,0.500000,-0.866025,436,1588291.000000
2020-06-01,0.480667,0.158667,5.560877,8.220397,0.000000,-1.000000,437,1590969.000000
2020-07-01,0.567742,0.152903,6.347668,8.015403,-0.500000,-0.866025,438,1593561.000000
2020-08-01,0.560968,0.150323,5.515303,6.933200,-0.866025,-0.500000,439,1596240.000000
2020-09-01,0.584333,0.147667,4.687877,5.562390,-1.000000,-0.000000,440,1598918.000000
2020-10-01,0.494194,0.131935,2.845255,3.952310,-0.866025,0.500000,441,1601510.000000
2020-11-01,0.446333,0.122000,1.798120,2.668903,-0.500000,0.866025,442,1604188.000000
2020-12-01,0.379677,0.173871,1.223848,2.050813,-0.000000,1.000000,443,1606780.000000
2021-01-01,0.384839,0.243871,1.416629,2.473981,0.500000,0.866025,444,1609459.000000
2021-02-01,0.497500,0.166071,2.634157,3.649154,0.866025,0.500000,445,1612137.000000
2021-03-01,0.450968,0.157742,3.254829,5.205668,1.000000,0.000000,446,1614556.000000
2021-04-01,0.470667,0.147000,4.453417,6.779463,0.866025,-0.500000,447,1617235.000000
2021-05-01,0.536774,0.159032,5.858874,7.966713,0.500000,-0.866025,448,1619827.000000
2021-06-01,0.564667,0.170333,6.533600,8.205747,0.000000,-1.000000,449,1622505.000000
2021-07-01,0.561290,0.157742,6.273332,7.773277,-0.500000,-0.866025,450,1625097.000000
2021-08-01,0.580968,0.157419,5.779961,6.913739,-0.866025,-0.500000,451,1627776.000000
2021-09-01,0.536000,0.149000,4.306423,5.565737,-1.000000,-0.000000,452,1630454.000000
2021-10-01,0.457742,0.138710,2.620377,4.008839,-0.866025,0.500000,453,1633046.000000
2021-11-01,0.427667,0.131000,1.743043,2.636760,-0.500000,0.866025,454,1635724.000000
2021-12-01,0.299355,0.191935,0.963639,2.084961,-0.000000,1.000000,455,1638316.000000
2022-01-01,0.433548,0.282903,1.596223,2.506229,0.500000,0.866025,456,1640995.000000
2022-02-01,0.450000,0.234286,2.336864,3.643479,0.866025,0.500000,457,1643673.000000
2022-03-01,0.526129,0.190968,3.883061,5.231516,1.000000,0.000000,458,1646092.000000
2022-04-01,0.499667,0.139333,4.685577,6.791390,0.866025,-0.500000,459,1648771.000000
2022-05-01,0.559355,0.162903,6.111184,7.832877,0.500000,-0.866025,460,1651363.000000
2022-06-01,0.577333,0.156667,6.667450,8.221210,0.000000,-1.000000,461,1654041.000000
2022-07-01,0.624516,0.151613,6.989952,7.982577,-0.500000,-0.866025,462,1656633.000000
2022-08-01,0.518387,0.145806,5.166506,6.816594,-0.866025,-0.500000,463,1659312.000000
2022-09-01,0.470333,0.142333,3.746033,5.596037,-1.000000,-0.000000,464,1661990.000000
2022-10-01,0.572258,0.135806,3.306300,3.998197,-0.866025,0.500000,465,1664582.000000
2022-11-01,0.383333,0.151667,1.590543,2.656560,-0.500000,0.866025,466,1667260.000000
2022-12-01,0.413871,0.183548,1.329606,2.039216,-0.000000,1.000000,467,1669852.000000
2023-01-01,0.351935,0.174516,1.265590,2.393548,0.500000,0.866025,468,1672531.000000
2023-02-01,0.512857,0.250714,2.642682,3.596536,0.866025,0.500000,469,1675209.000000
2023-03-01,0.480000,0.142903,3.539210,5.113139,1.000000,0.000000,470,1677628.000000
2023-04-01,0.370333,0.136333,3.503177,6.683377,0.866025,-0.500000,471,1680307.000000
2023-05-01,0.406129,0.151613,4.434442,7.503139,0.500000,-0.866025,472,1682899.000000
2023-06-01,0.443667,0.159333,5.132370,8.014840,0.000000,-1.000000,473,1685577.000000
2023-07-01,0.627419,0.155806,7.029003,7.971771,-0.500000,-0.866025,474,1688169.000000
2023-08-01,0.582581,0.147742,5.775852,6.945526,-0.866025,-0.500000,475,1690848.000000
2023-09-01,0.555000,0.141333,4.452777,5.485597,-1.000000,-0.000000,476,1693526.000000
2023-10-01,0.530323,0.134839,3.120306,3.997461,-0.866025,0.500000,477,1696118.000000
2023-11-01,0.409333,0.136333,1.695470,2.700273,-0.500000,0.866025,478,1698796.000000
2023-12-01,0.448710,0.148065,1.441081,2.115632,-0.000000,1.000000,479,1701388.000000
2024-01-01,0.418710,0.172903,1.548787,2.459758,0.500000,0.866025,480,1704067.000000
2024-02-01,0.494483,0.148276,2.532931,3.529772,0.866025,0.500000,481,1706745.000000
2024-03-01,0.480000,0.139355,3.554713,5.000752,1.000000,0.000000,482,1709251.000000
2024-04-01,0.547667,0.156667,5.161517,6.764593,0.866025,-0.500000,483,1711929.000000
2024-05-01,0.481935,0.156129,5.275045,7.698574,0.500000,-0.866025,484,1714521.000000
2024-06-01,0.578667,0.161667,6.689500,8.150270,0.000000,-1.000000,485,1717200.000000
2024-07-01,0.617097,0.146774,6.893797,7.876152,-0.500000,-0.866025,486,1719792.000000
2024-08-01,0.600645,0.142258,5.936352,6.772484,-0.866025,-0.500000,487,1722470.000000
2024-09-01,0.485667,0.151333,3.867490,5.425257,-1.000000,-0.000000,488,1725148.000000
2024-10-01,0.551935,0.130323,3.174810,3.969168,-0.866025,0.500000,489,1727740.000000
2024-11-01,0.497000,0.142667,2.020513,2.717033,-0.500000,0.866025,490,1730419.000000
2024-12-01,0.373548,0.225484,1.197429,2.067371,-0.000000,1.000000,491,1733011.000000
2025-01-01,0.415161,0.194194,1.524681,2.456500,0.500000,0.866025,492,1735689.000000
2025-02-01,0.489286,0.187500,2.518786,3.587871,0.866025,0.500000,493,1738368.000000
2025-03-01,0.466452,0.122258,3.339368,5.018568,1.000000,0.000000,494,1740787.000000
2025-04-01,0.456333,0.144667,4.346730,6.623360,0.866025,-0.500000,495,1743465.000000
2025-05-01,0.501935,0.154194,5.478571,7.903432,0.500000,-0.866025,496,1746057.000000
2025-06-01,0.670000,0.159667,7.749847,8.297307,0.000000,-1.000000,497,1748736.000000
2025-07-01,0.566129,0.160645,6.349123,7.925726,-0.500000,-0.866025,498,1751328.000000
2025-08-01,0.591290,0.142258,5.836419,6.913858,-0.866025,-0.500000,499,1754006.000000
2025-09-01,0.566667,0.137333,4.541100,5.529390,-1.000000,-0.000000,500,1756684.000000
2025-10-01,0.402903,0.130000,2.261813,3.978058,-0.866025,0.500000,501,1759276.000000
2025-11-01,0.391333,0.100000,1.600747,2.628217,-0.500000,0.866025,502,1761955.000000
2025-12-01,0.427419,0.132258,1.377635,2.117784,-0.000000,1.000000,503,1764547.000000
2026-01-01,0.411613,0.249677,1.523097,2.415368,0.500000,0.866025,504,1767225.000000
2026-02-01,0.395000,0.176786,2.085861,3.585950,0.866025,0.500000,505,1769904.000000
2026-03-01,0.460000,0.142581,3.279545,5.020994,1.000000,0.000000,506,1772323.000000
